SampleID,Location,Soil,Status,Planting,Breeding
1,Yunnan,SandySoil,Healthy,Monoculture,Lishu6
2,Yunnan,SandySoil,Healthy,Monoculture,Lishu6
3,Yunnan,SandySoil,Healthy,Monoculture,Lishu6
4,Yunnan,SandySoil,Healthy,Monoculture,Lishu6
5,Yunnan,SandySoil,Healthy,Monoculture,Lishu6
6,Yunnan,Clay,Healthy,Monoculture,Lishu6
7,Yunnan,Clay,Healthy,Monoculture,Lishu6
8,Yunnan,Clay,Healthy,Monoculture,Lishu6
9,Yunnan,Clay,Healthy,Monoculture,Lishu6
10,Yunnan,Clay,Healthy,Monoculture,Lishu6
11,Yunnan,SandySoil,Healthy,Monoculture,Lishu6
12,Yunnan,SandySoil,Healthy,Monoculture,Lishu6
13,Yunnan,SandySoil,Healthy,Monoculture,Lishu6
14,Yunnan,SandySoil,Healthy,Monoculture,Lishu6
15,Yunnan,SandySoil,Healthy,Monoculture,Lishu6
16,Yunnan,SandySoil,Healthy,Monoculture,Lishu6
17,Yunnan,SandySoil,Healthy,Monoculture,Lishu6
18,Yunnan,SandySoil,Healthy,Monoculture,Lishu6
19,Yunnan,SandySoil,Healthy,Monoculture,Lishu6
20,Yunnan,SandySoil,Healthy,Monoculture,Lishu6
21,Yunnan,SandySoil,Healthy,Monoculture,Hezuo88
22,Yunnan,SandySoil,Healthy,Monoculture,Hezuo88
23,Yunnan,SandySoil,Healthy,Monoculture,Hezuo88
24,Yunnan,SandySoil,Healthy,Monoculture,Hezuo88
25,Yunnan,SandySoil,Healthy,Monoculture,Hezuo88
26,Yunnan,SandySoil,Healthy,Monoculture,Hezuo88
27,Yunnan,SandySoil,Healthy,Monoculture,Hezuo88
28,Yunnan,SandySoil,Healthy,Monoculture,Hezuo88
29,Yunnan,SandySoil,Healthy,Monoculture,Hezuo88
30,Yunnan,SandySoil,Healthy,Monoculture,Hezuo88
31,Yunnan,SandySoil,Healthy,Monoculture,Hezuo88
32,Yunnan,SandySoil,Healthy,Monoculture,Hezuo88
33,Yunnan,SandySoil,Healthy,Monoculture,Hezuo88
34,Yunnan,SandySoil,Healthy,Monoculture,Hezuo88
35,Yunnan,SandySoil,Healthy,Monoculture,Hezuo88
36,Yunnan,Clay,Healthy,Monoculture,Lishu6
37,Yunnan,Clay,Healthy,Monoculture,Lishu6
38,Yunnan,Clay,Healthy,Monoculture,Lishu6
39,Yunnan,Clay,Healthy,Monoculture,Lishu6
40,Yunnan,Clay,Healthy,Monoculture,Lishu6
41,Yunnan,SandySoil,Healthy,Monoculture,Hezuo88
42,Yunnan,SandySoil,Healthy,Monoculture,Hezuo88
43,Yunnan,SandySoil,Healthy,Monoculture,Hezuo88
44,Yunnan,SandySoil,Healthy,Monoculture,Hezuo88
45,Yunnan,SandySoil,Healthy,Monoculture,Hezuo88
46,Yunnan,SandySoil,Healthy,Monoculture,Lishu6
47,Yunnan,SandySoil,Healthy,Monoculture,Lishu6
48,Yunnan,SandySoil,Healthy,Monoculture,Lishu6
49,Yunnan,SandySoil,Healthy,Monoculture,Lishu6
50,Yunnan,SandySoil,Healthy,Monoculture,Lishu6
51,Yunnan,SandySoil,Healthy,Monoculture,Lishu6
52,Yunnan,SandySoil,Healthy,Monoculture,Lishu6
53,Yunnan,SandySoil,Healthy,Monoculture,Lishu6
54,Yunnan,SandySoil,Healthy,Monoculture,Lishu6
55,Yunnan,SandySoil,Healthy,Monoculture,Lishu6
56,Yunnan,SandySoil,Healthy,Monoculture,Lishu6
57,Yunnan,SandySoil,Healthy,Monoculture,Lishu6
58,Yunnan,SandySoil,Healthy,Monoculture,Lishu6
59,Yunnan,SandySoil,Healthy,Monoculture,Lishu6
60,Yunnan,SandySoil,Healthy,Monoculture,Lishu6
61,Yunnan,Loam,Healthy,Monoculture,Lishu6
62,Yunnan,Loam,Healthy,Monoculture,Lishu6
63,Yunnan,Loam,Healthy,Monoculture,Lishu6
64,Yunnan,Loam,Healthy,Monoculture,Lishu6
65,Yunnan,Loam,Healthy,Monoculture,Lishu6
66,Yunnan,SandySoil,Healthy,Monoculture,Lishu6
67,Yunnan,SandySoil,Healthy,Monoculture,Lishu6
68,Yunnan,SandySoil,Healthy,Monoculture,Lishu6
69,Yunnan,SandySoil,Healthy,Monoculture,Lishu6
70,Yunnan,SandySoil,Healthy,Monoculture,Lishu6
71,Yunnan,SandySoil,Healthy,Intercropping,Hezuo88
72,Yunnan,SandySoil,Healthy,Intercropping,Hezuo88
73,Yunnan,SandySoil,Healthy,Intercropping,Hezuo88
74,Yunnan,SandySoil,Healthy,Intercropping,Hezuo88
75,Yunnan,SandySoil,Healthy,Intercropping,Hezuo88
76,Yunnan,SandySoil,Healthy,Monoculture,Hezuo88
77,Yunnan,SandySoil,Healthy,Monoculture,Hezuo88
78,Yunnan,SandySoil,Healthy,Monoculture,Hezuo88
79,Yunnan,SandySoil,Healthy,Monoculture,Hezuo88
80,Yunnan,SandySoil,Healthy,Monoculture,Hezuo88
81,Yunnan,SandySoil,Healthy,Monoculture,Lishu6
82,Yunnan,SandySoil,Healthy,Monoculture,Lishu6
83,Yunnan,SandySoil,Healthy,Monoculture,Lishu6
84,Yunnan,SandySoil,Healthy,Monoculture,Lishu6
85,Yunnan,SandySoil,Healthy,Monoculture,Lishu6
86,Yunnan,SandySoil,Healthy,Monoculture,Hezuo88
87,Yunnan,SandySoil,Healthy,Monoculture,Hezuo88
88,Yunnan,SandySoil,Healthy,Monoculture,Hezuo88
89,Yunnan,SandySoil,Healthy,Monoculture,Hezuo88
90,Yunnan,SandySoil,Healthy,Monoculture,Hezuo88
91,Yunnan,SandySoil,Healthy,Monoculture,Hezuo88
92,Yunnan,SandySoil,Healthy,Monoculture,Hezuo88
93,Yunnan,SandySoil,Healthy,Monoculture,Hezuo88
94,Yunnan,SandySoil,Healthy,Monoculture,Hezuo88
95,Yunnan,SandySoil,Healthy,Monoculture,Hezuo88
96,Yunnan,Clay,Healthy,Monoculture,Yunshu304
97,Yunnan,Clay,Healthy,Monoculture,Yunshu304
98,Yunnan,Clay,Healthy,Monoculture,Yunshu304
99,Yunnan,Clay,Healthy,Monoculture,Yunshu304
100,Yunnan,Clay,Healthy,Monoculture,Yunshu304
101,Sichuan,Clay,Healthy,Monoculture,Unclear
102,Sichuan,Clay,Healthy,Monoculture,Unclear
103,Sichuan,Clay,Healthy,Monoculture,Unclear
104,Sichuan,Clay,Healthy,Monoculture,Unclear
105,Sichuan,Clay,Healthy,Monoculture,Unclear
106,Sichuan,Clay,Diseased,Monoculture,Favorita
107,Sichuan,Clay,Diseased,Monoculture,Favorita
108,Sichuan,Clay,Diseased,Monoculture,Favorita
109,Sichuan,Clay,Diseased,Monoculture,Favorita
110,Sichuan,Clay,Diseased,Monoculture,Favorita
111,Sichuan,Loam,Healthy,Monoculture,Favorita
112,Sichuan,Loam,Healthy,Monoculture,Favorita
113,Sichuan,Loam,Healthy,Monoculture,Favorita
114,Sichuan,Loam,Healthy,Monoculture,Favorita
115,Sichuan,Loam,Healthy,Monoculture,Favorita
116,Sichuan,SandySoil,Healthy,Intercropping,Favorita
117,Sichuan,SandySoil,Healthy,Intercropping,Favorita
118,Sichuan,SandySoil,Healthy,Intercropping,Favorita
119,Sichuan,SandySoil,Healthy,Intercropping,Favorita
120,Sichuan,SandySoil,Healthy,Intercropping,Favorita
121,Guizhou,Loam,Healthy,Monoculture,YushuCA
122,Guizhou,Loam,Healthy,Monoculture,YushuCA
123,Guizhou,Loam,Healthy,Monoculture,YushuCA
124,Guizhou,Loam,Healthy,Monoculture,YushuCA
125,Guizhou,Loam,Healthy,Monoculture,YushuCA
126,Guizhou,Loam,Healthy,Monoculture,Unclear
127,Guizhou,Loam,Healthy,Monoculture,Unclear
128,Guizhou,Loam,Healthy,Monoculture,Unclear
129,Guizhou,Loam,Healthy,Monoculture,Unclear
130,Guizhou,Loam,Healthy,Monoculture,Unclear
131,Guizhou,Loam,Healthy,Monoculture,Unclear
132,Guizhou,Loam,Healthy,Monoculture,Unclear
133,Guizhou,Loam,Healthy,Monoculture,Unclear
134,Guizhou,Loam,Healthy,Monoculture,Unclear
135,Guizhou,Loam,Healthy,Monoculture,Unclear
136,Guizhou,Loam,Healthy,Monoculture,Unclear
137,Guizhou,Loam,Healthy,Monoculture,Unclear
138,Guizhou,Loam,Healthy,Monoculture,Unclear
139,Guizhou,Loam,Healthy,Monoculture,Unclear
140,Guizhou,Loam,Healthy,Monoculture,Unclear
141,Yunnan,Clay,Healthy,Monoculture,Lishu6
142,Yunnan,Clay,Healthy,Monoculture,Lishu6
143,Yunnan,Clay,Healthy,Monoculture,Lishu6
144,Yunnan,Clay,Healthy,Monoculture,Lishu6
145,Yunnan,Clay,Healthy,Monoculture,Lishu6
146,Yunnan,Clay,Healthy,Monoculture,Lishu6
147,Yunnan,Clay,Healthy,Monoculture,Lishu6
148,Yunnan,Clay,Healthy,Monoculture,Lishu6
149,Yunnan,Clay,Healthy,Monoculture,Lishu6
150,Yunnan,Clay,Healthy,Monoculture,Lishu6
151,Yunnan,Clay,Healthy,Monoculture,Lishu6
152,Yunnan,Clay,Healthy,Monoculture,Lishu6
153,Yunnan,Clay,Healthy,Monoculture,Lishu6
154,Yunnan,Clay,Healthy,Monoculture,Lishu6
155,Yunnan,Clay,Healthy,Monoculture,Lishu6
156,Yunnan,Loam,Healthy,Monoculture,Hezuo88
157,Yunnan,Loam,Healthy,Monoculture,Hezuo88
158,Yunnan,Loam,Healthy,Monoculture,Hezuo88
159,Yunnan,Loam,Healthy,Monoculture,Hezuo88
160,Yunnan,Loam,Healthy,Monoculture,Hezuo88
161,Yunnan,Clay,Healthy,Monoculture,Lishu6
162,Yunnan,Clay,Healthy,Monoculture,Lishu6
163,Yunnan,Clay,Healthy,Monoculture,Lishu6
164,Yunnan,Clay,Healthy,Monoculture,Lishu6
165,Yunnan,Clay,Healthy,Monoculture,Lishu6
166,Yunnan,Clay,Healthy,Monoculture,Lishu6
167,Yunnan,Clay,Healthy,Monoculture,Lishu6
168,Yunnan,Clay,Healthy,Monoculture,Lishu6
169,Yunnan,Clay,Healthy,Monoculture,Lishu6
170,Yunnan,Clay,Healthy,Monoculture,Lishu6
171,Yunnan,Clay,Healthy,Monoculture,Lishu6
172,Yunnan,Clay,Healthy,Monoculture,Lishu6
173,Yunnan,Clay,Healthy,Monoculture,Lishu6
174,Yunnan,Clay,Healthy,Monoculture,Lishu6
175,Yunnan,Clay,Healthy,Monoculture,Lishu6
176,Yunnan,SandySoil,Healthy,Monoculture,Lishu6
177,Yunnan,SandySoil,Healthy,Monoculture,Lishu6
178,Yunnan,SandySoil,Healthy,Monoculture,Lishu6
179,Yunnan,SandySoil,Healthy,Monoculture,Lishu6
180,Yunnan,SandySoil,Healthy,Monoculture,Lishu6
181,Yunnan,Clay,Healthy,Monoculture,Lishu6
182,Yunnan,Clay,Healthy,Monoculture,Lishu6
183,Yunnan,Clay,Healthy,Monoculture,Lishu6
184,Yunnan,Clay,Healthy,Monoculture,Lishu6
185,Yunnan,Clay,Healthy,Monoculture,Lishu6
186,Yunnan,SandySoil,Healthy,Monoculture,Hezuo88
187,Yunnan,SandySoil,Healthy,Monoculture,Hezuo88
188,Yunnan,SandySoil,Healthy,Monoculture,Hezuo88
189,Yunnan,SandySoil,Healthy,Monoculture,Hezuo88
190,Yunnan,SandySoil,Healthy,Monoculture,Hezuo88
191,Yunnan,SandyLoam,Healthy,Monoculture,Xuanshu2
192,Yunnan,SandyLoam,Healthy,Monoculture,Xuanshu2
193,Yunnan,SandyLoam,Healthy,Monoculture,Xuanshu2
194,Yunnan,SandyLoam,Healthy,Monoculture,Xuanshu2
195,Yunnan,SandyLoam,Healthy,Monoculture,Xuanshu2
196,Sichuan,SandySoil,Healthy,Monoculture,Xuanshu2
197,Sichuan,SandySoil,Healthy,Monoculture,Xuanshu2
198,Sichuan,SandySoil,Healthy,Monoculture,Xuanshu2
199,Sichuan,SandySoil,Healthy,Monoculture,Xuanshu2
200,Sichuan,SandySoil,Healthy,Monoculture,Xuanshu2
201,Sichuan,SandyLoam,Diseased,Monoculture,Xishen6
202,Sichuan,SandyLoam,Diseased,Monoculture,Xishen6
203,Sichuan,SandyLoam,Diseased,Monoculture,Xishen6
204,Sichuan,SandyLoam,Diseased,Monoculture,Xishen6
205,Guizhou,SandyLoam,Healthy,Monoculture,Favorita
206,Guizhou,SandyLoam,Healthy,Monoculture,Favorita
207,Guizhou,SandyLoam,Healthy,Monoculture,Favorita
208,Guizhou,SandyLoam,Healthy,Monoculture,Favorita
209,Guizhou,SandyLoam,Healthy,Monoculture,Favorita
210,Guizhou,Clay,Diseased,Intercropping,Unclear
211,Guizhou,Clay,Diseased,Intercropping,Unclear
212,Guizhou,Clay,Diseased,Intercropping,Unclear
213,Guizhou,Clay,Diseased,Intercropping,Unclear
214,Guizhou,Clay,Diseased,Intercropping,Unclear
215,Guizhou,SandyLoam,Healthy,Monoculture,Unclear
216,Guizhou,SandyLoam,Healthy,Monoculture,Unclear
217,Guizhou,SandyLoam,Healthy,Monoculture,Unclear
218,Guizhou,SandyLoam,Healthy,Monoculture,Unclear
219,Guizhou,SandyLoam,Healthy,Monoculture,Unclear
220,Guizhou,SandySoil,Healthy,Monoculture,Unclear
221,Guizhou,SandySoil,Healthy,Monoculture,Unclear
222,Guizhou,SandySoil,Healthy,Monoculture,Unclear
223,Guizhou,SandySoil,Healthy,Monoculture,Unclear
224,Guizhou,SandySoil,Healthy,Monoculture,Unclear
225,Guizhou,Clay,Healthy,Monoculture,Unclear
226,Guizhou,Clay,Healthy,Monoculture,Unclear
227,Guizhou,Clay,Healthy,Monoculture,Unclear
228,Guizhou,Clay,Healthy,Monoculture,Unclear
229,Guizhou,Clay,Healthy,Monoculture,Unclear
230,Guizhou,SandySoil,Healthy,Monoculture,Qianyu8
231,Guizhou,SandySoil,Healthy,Monoculture,Qianyu8
232,Guizhou,SandySoil,Healthy,Monoculture,Qianyu8
233,Guizhou,SandySoil,Healthy,Monoculture,Qianyu8
234,Guizhou,SandySoil,Healthy,Monoculture,Qianyu8
235,Guizhou,SandyLoam,Healthy,Monoculture,Unclear
236,Guizhou,SandyLoam,Healthy,Monoculture,Unclear
237,Guizhou,SandyLoam,Healthy,Monoculture,Unclear
238,Guizhou,SandyLoam,Healthy,Monoculture,Unclear
239,Guizhou,SandyLoam,Healthy,Monoculture,Unclear
240,Guizhou,SandyLoam,Healthy,Intercropping,Unclear
241,Guizhou,SandyLoam,Healthy,Intercropping,Unclear
242,Guizhou,SandyLoam,Healthy,Intercropping,Unclear
243,Guizhou,SandyLoam,Healthy,Intercropping,Unclear
244,Guizhou,SandyLoam,Healthy,Intercropping,Unclear
245,Guizhou,SandyLoam,Diseased,Intercropping,Weiyu5
246,Guizhou,SandyLoam,Diseased,Intercropping,Weiyu5
247,Guizhou,SandyLoam,Diseased,Intercropping,Weiyu5
248,Guizhou,SandyLoam,Diseased,Intercropping,Weiyu5
249,Guizhou,SandyLoam,Diseased,Intercropping,Weiyu5
250,Guizhou,Clay,Diseased,Monoculture,Favorita
251,Guizhou,Clay,Diseased,Monoculture,Favorita
252,Guizhou,Clay,Diseased,Monoculture,Favorita
253,Guizhou,Clay,Diseased,Monoculture,Favorita
254,Guizhou,Clay,Diseased,Monoculture,Favorita
255,Guizhou,Clay,Healthy,Monoculture,Unclear
256,Guizhou,Clay,Healthy,Monoculture,Unclear
257,Guizhou,Clay,Healthy,Monoculture,Unclear
258,Guizhou,Clay,Healthy,Monoculture,Unclear
259,Guizhou,Clay,Healthy,Monoculture,Unclear
260,Guizhou,Clay,Diseased,Monoculture,Unclear
261,Guizhou,Clay,Diseased,Monoculture,Unclear
262,Guizhou,Clay,Diseased,Monoculture,Unclear
263,Guizhou,Clay,Diseased,Monoculture,Unclear
264,Guizhou,Clay,Diseased,Monoculture,Unclear
265,Guizhou,SandyLoam,Diseased,Monoculture,Favorita
266,Guizhou,SandyLoam,Diseased,Monoculture,Favorita
267,Guizhou,SandyLoam,Diseased,Monoculture,Favorita
268,Guizhou,SandyLoam,Diseased,Monoculture,Favorita
269,Guizhou,SandyLoam,Diseased,Monoculture,Favorita
270,Guizhou,SandyLoam,Diseased,Monoculture,Zhongshu5
271,Guizhou,SandyLoam,Diseased,Monoculture,Zhongshu5
272,Guizhou,SandyLoam,Diseased,Monoculture,Zhongshu5
273,Guizhou,SandyLoam,Diseased,Monoculture,Zhongshu5
274,Guizhou,SandyLoam,Diseased,Monoculture,Zhongshu5
275,Guizhou,Clay,Diseased,Monoculture,Favorita
276,Guizhou,Clay,Diseased,Monoculture,Favorita
277,Guizhou,Clay,Diseased,Monoculture,Favorita
278,Guizhou,Clay,Diseased,Monoculture,Favorita
279,Guizhou,Clay,Diseased,Monoculture,Favorita
280,Guizhou,SandyLoam,Diseased,Monoculture,Mila
281,Guizhou,SandyLoam,Diseased,Monoculture,Mila
282,Guizhou,SandyLoam,Diseased,Monoculture,Mila
283,Guizhou,SandyLoam,Diseased,Monoculture,Mila
284,Guizhou,SandyLoam,Diseased,Monoculture,Mila
285,Guizhou,SandyLoam,Diseased,Monoculture,Qingshu9
286,Guizhou,SandyLoam,Diseased,Monoculture,Qingshu9
287,Guizhou,SandyLoam,Diseased,Monoculture,Qingshu9
288,Guizhou,SandyLoam,Diseased,Monoculture,Qingshu9
289,Guizhou,SandyLoam,Diseased,Monoculture,Qingshu9
290,Guizhou,Clay,Healthy,Monoculture,Weiyu5
291,Guizhou,Clay,Healthy,Monoculture,Weiyu5
292,Guizhou,Clay,Healthy,Monoculture,Weiyu5
293,Guizhou,Clay,Healthy,Monoculture,Weiyu5
294,Guizhou,Clay,Healthy,Monoculture,Weiyu5
295,Guizhou,SandyLoam,Diseased,Monoculture,Qingshu9
296,Guizhou,SandyLoam,Diseased,Monoculture,Qingshu9
297,Guizhou,SandyLoam,Diseased,Monoculture,Qingshu9
298,Guizhou,SandyLoam,Diseased,Monoculture,Qingshu9
299,Guizhou,SandyLoam,Diseased,Monoculture,Qingshu9
300,Guizhou,SandyLoam,Diseased,Monoculture,Xuanshu2
301,Guizhou,SandyLoam,Diseased,Monoculture,Xuanshu2
302,Guizhou,SandyLoam,Diseased,Monoculture,Xuanshu2
303,Guizhou,SandyLoam,Diseased,Monoculture,Xuanshu2
304,Guizhou,SandyLoam,Diseased,Monoculture,Xuanshu2
305,Guizhou,Clay,Diseased,Monoculture,Unclear
306,Guizhou,Clay,Diseased,Monoculture,Unclear
307,Guizhou,Clay,Diseased,Monoculture,Unclear
308,Guizhou,Clay,Diseased,Monoculture,Unclear
309,Guizhou,Clay,Diseased,Monoculture,Unclear
310,Guizhou,Clay,Diseased,Monoculture,Weiyu5
311,Guizhou,Clay,Diseased,Monoculture,Weiyu5
312,Guizhou,Clay,Diseased,Monoculture,Weiyu5
313,Guizhou,Clay,Diseased,Monoculture,Weiyu5
314,Guizhou,Clay,Diseased,Monoculture,Weiyu5
315,Guizhou,Clay,Diseased,Monoculture,Qingshu9
316,Guizhou,Clay,Diseased,Monoculture,Qingshu9
317,Guizhou,Clay,Diseased,Monoculture,Qingshu9
318,Guizhou,Clay,Diseased,Monoculture,Qingshu9
319,Guizhou,Clay,Diseased,Monoculture,Qingshu9
320,Guizhou,Clay,Healthy,Monoculture,Weiyu5
321,Guizhou,Clay,Healthy,Monoculture,Weiyu5
322,Guizhou,Clay,Healthy,Monoculture,Weiyu5
323,Guizhou,Clay,Healthy,Monoculture,Weiyu5
324,Guizhou,Clay,Healthy,Monoculture,Weiyu5
325,Guizhou,Clay,Diseased,Monoculture,Unclear
326,Guizhou,Clay,Diseased,Monoculture,Unclear
327,Guizhou,Clay,Diseased,Monoculture,Unclear
328,Guizhou,Clay,Diseased,Monoculture,Unclear
329,Guizhou,Clay,Diseased,Monoculture,Unclear
330,Guizhou,SandyLoam,Diseased,Intercropping,Unclear
331,Guizhou,SandyLoam,Diseased,Intercropping,Unclear
332,Guizhou,SandyLoam,Diseased,Intercropping,Unclear
333,Guizhou,SandyLoam,Diseased,Intercropping,Unclear
334,Guizhou,SandyLoam,Diseased,Intercropping,Unclear
335,Guizhou,SandyLoam,Diseased,Intercropping,Qingshu9
336,Guizhou,SandyLoam,Diseased,Intercropping,Qingshu9
337,Guizhou,SandyLoam,Diseased,Intercropping,Qingshu9
338,Guizhou,SandyLoam,Diseased,Intercropping,Qingshu9
339,Guizhou,SandyLoam,Diseased,Intercropping,Qingshu9
340,Guizhou,Clay,Diseased,Monoculture,Maling3
341,Guizhou,Clay,Diseased,Monoculture,Maling3
342,Guizhou,Clay,Diseased,Monoculture,Maling3
343,Guizhou,Clay,Diseased,Monoculture,Maling3
344,Guizhou,Clay,Diseased,Monoculture,Maling3
345,Guizhou,Clay,Diseased,Monoculture,Maling3
346,Guizhou,Clay,Diseased,Monoculture,Maling3
347,Guizhou,Clay,Diseased,Monoculture,Maling3
348,Guizhou,Clay,Diseased,Monoculture,Maling3
349,Guizhou,Clay,Diseased,Monoculture,Maling3
350,Guizhou,Loam,Diseased,Monoculture,Favorita
351,Guizhou,Loam,Diseased,Monoculture,Favorita
352,Guizhou,Loam,Diseased,Monoculture,Favorita
353,Guizhou,Loam,Diseased,Monoculture,Favorita
354,Guizhou,Loam,Diseased,Monoculture,Favorita
355,Guizhou,Loam,Diseased,Monoculture,Favorita
356,Guizhou,Loam,Diseased,Monoculture,Favorita
357,Guizhou,Loam,Diseased,Monoculture,Favorita
358,Guizhou,Loam,Diseased,Monoculture,Favorita
359,Guizhou,Loam,Diseased,Monoculture,Favorita
360,Guizhou,Loam,Diseased,Monoculture,Unclear
361,Guizhou,Loam,Diseased,Monoculture,Unclear
362,Guizhou,Loam,Diseased,Monoculture,Unclear
363,Guizhou,Loam,Diseased,Monoculture,Unclear
364,Guizhou,Loam,Diseased,Monoculture,Unclear
365,Guizhou,Loam,Diseased,Monoculture,Weiyu5
366,Guizhou,Loam,Diseased,Monoculture,Weiyu5
367,Guizhou,Loam,Diseased,Monoculture,Weiyu5
368,Guizhou,Loam,Diseased,Monoculture,Weiyu5
369,Guizhou,Loam,Diseased,Monoculture,Weiyu5
370,Guizhou,Loam,Diseased,Monoculture,Weiyu5
371,Guizhou,Loam,Diseased,Monoculture,Weiyu5
372,Guizhou,Loam,Diseased,Monoculture,Weiyu5
373,Guizhou,Loam,Diseased,Monoculture,Weiyu5
374,Guizhou,Loam,Diseased,Monoculture,Weiyu5
375,Guizhou,Loam,Diseased,Intercropping,Unclear
376,Guizhou,Loam,Diseased,Intercropping,Unclear
377,Guizhou,Loam,Diseased,Intercropping,Unclear
378,Guizhou,Loam,Diseased,Intercropping,Unclear
379,Guizhou,Loam,Diseased,Intercropping,Unclear
380,Guizhou,Loam,Diseased,Monoculture,Qingshu9
381,Guizhou,Loam,Diseased,Monoculture,Qingshu9
382,Guizhou,Loam,Diseased,Monoculture,Qingshu9
383,Guizhou,Loam,Diseased,Monoculture,Qingshu9
384,Guizhou,Loam,Diseased,Monoculture,Qingshu9
385,Guizhou,Loam,Healthy,Intercropping,Weiyu5
386,Guizhou,Loam,Healthy,Intercropping,Weiyu5
387,Guizhou,Loam,Healthy,Intercropping,Weiyu5
388,Guizhou,Loam,Healthy,Intercropping,Weiyu5
389,Guizhou,Loam,Healthy,Intercropping,Weiyu5
390,Guizhou,Loam,Diseased,Monoculture,Weiyu3
391,Guizhou,Loam,Diseased,Monoculture,Weiyu3
392,Guizhou,Loam,Diseased,Monoculture,Weiyu3
393,Guizhou,Loam,Diseased,Monoculture,Weiyu3
394,Guizhou,Loam,Diseased,Monoculture,Weiyu3
395,Guizhou,Loam,Diseased,Monoculture,Weiyu3
396,Guizhou,Loam,Diseased,Monoculture,Weiyu3
397,Guizhou,Loam,Diseased,Monoculture,Weiyu3
398,Guizhou,Loam,Diseased,Monoculture,Weiyu3
399,Guizhou,Loam,Diseased,Monoculture,Weiyu3
400,Guizhou,Loam,Diseased,Monoculture,Weiyu5
401,Guizhou,Loam,Diseased,Monoculture,Weiyu5
402,Guizhou,Loam,Diseased,Monoculture,Weiyu5
403,Guizhou,Loam,Diseased,Monoculture,Weiyu5
404,Guizhou,Loam,Diseased,Monoculture,Weiyu5
405,Guizhou,Loam,Diseased,Monoculture,Qingshu9
406,Guizhou,Loam,Diseased,Monoculture,Qingshu9
407,Guizhou,Loam,Diseased,Monoculture,Qingshu9
408,Guizhou,Loam,Diseased,Monoculture,Qingshu9
409,Guizhou,Loam,Diseased,Monoculture,Qingshu9
410,Guizhou,Loam,Diseased,Monoculture,Weiyu5
411,Guizhou,Loam,Diseased,Monoculture,Weiyu5
412,Guizhou,Loam,Diseased,Monoculture,Weiyu5
413,Guizhou,Loam,Diseased,Monoculture,Weiyu5
414,Guizhou,Loam,Diseased,Monoculture,Weiyu5
415,Guizhou,Loam,Diseased,Intercropping,Weiyu5
416,Guizhou,Loam,Diseased,Intercropping,Weiyu5
417,Guizhou,Loam,Diseased,Intercropping,Weiyu5
418,Guizhou,Loam,Diseased,Intercropping,Weiyu5
419,Guizhou,Loam,Diseased,Intercropping,Weiyu5
420,Guizhou,Loam,Diseased,Monoculture,Weiyu5
421,Guizhou,Loam,Diseased,Monoculture,Weiyu5
422,Guizhou,Loam,Diseased,Monoculture,Weiyu5
423,Guizhou,Loam,Diseased,Monoculture,Weiyu5
424,Guizhou,Loam,Diseased,Monoculture,Weiyu5
425,Guizhou,Loam,Healthy,Intercropping,Unclear
426,Guizhou,Loam,Healthy,Intercropping,Unclear
427,Guizhou,Loam,Healthy,Intercropping,Unclear
428,Guizhou,Loam,Healthy,Intercropping,Unclear
429,Guizhou,Loam,Healthy,Intercropping,Unclear
430,Guizhou,Loam,Diseased,Intercropping,Weiyu5
431,Guizhou,Loam,Diseased,Intercropping,Weiyu5
432,Guizhou,Loam,Diseased,Intercropping,Weiyu5
433,Guizhou,Loam,Diseased,Intercropping,Weiyu5
434,Guizhou,Loam,Diseased,Intercropping,Weiyu5
435,Guizhou,Loam,Diseased,Monoculture,Weiyu5
436,Guizhou,Loam,Diseased,Monoculture,Weiyu5
437,Guizhou,Loam,Diseased,Monoculture,Weiyu5
438,Guizhou,Loam,Diseased,Monoculture,Weiyu5
439,Guizhou,Loam,Diseased,Monoculture,Weiyu5
440,Guizhou,Loam,Diseased,Intercropping,Qingshu9
441,Guizhou,Loam,Diseased,Intercropping,Qingshu9
442,Guizhou,Loam,Diseased,Intercropping,Qingshu9
443,Guizhou,Loam,Diseased,Intercropping,Qingshu9
444,Guizhou,Loam,Diseased,Intercropping,Qingshu9
445,Guizhou,Loam,Diseased,Monoculture,Qingshu9
446,Guizhou,Loam,Diseased,Monoculture,Qingshu9
447,Guizhou,Loam,Diseased,Monoculture,Qingshu9
448,Guizhou,Loam,Diseased,Monoculture,Qingshu9
449,Guizhou,Loam,Diseased,Monoculture,Qingshu9
450,Guizhou,Loam,Diseased,Monoculture,Qingshu9
451,Guizhou,Loam,Diseased,Monoculture,Qingshu9
452,Guizhou,Loam,Diseased,Monoculture,Qingshu9
453,Guizhou,Loam,Diseased,Monoculture,Qingshu9
454,Guizhou,Loam,Diseased,Monoculture,Qingshu9
455,Guizhou,Loam,Diseased,Monoculture,Weiyu3
456,Guizhou,Loam,Diseased,Monoculture,Weiyu3
457,Guizhou,Loam,Diseased,Monoculture,Weiyu3
458,Guizhou,Loam,Diseased,Monoculture,Weiyu3
459,Guizhou,Loam,Diseased,Monoculture,Weiyu3
460,Guizhou,Loam,Diseased,Monoculture,Qingshu9
461,Guizhou,Loam,Diseased,Monoculture,Qingshu9
462,Guizhou,Loam,Diseased,Monoculture,Qingshu9
463,Guizhou,Loam,Diseased,Monoculture,Qingshu9
464,Guizhou,Loam,Diseased,Monoculture,Qingshu9
465,Guizhou,Loam,Diseased,Monoculture,Qingshu9
466,Guizhou,Loam,Diseased,Monoculture,Qingshu9
467,Guizhou,Loam,Diseased,Monoculture,Qingshu9
468,Guizhou,Loam,Diseased,Monoculture,Qingshu9
469,Guizhou,Loam,Diseased,Monoculture,Qingshu9
470,Guizhou,Loam,Diseased,Monoculture,Qingshu9
471,Guizhou,Loam,Diseased,Monoculture,Qingshu9
472,Guizhou,Loam,Diseased,Monoculture,Qingshu9
473,Guizhou,Loam,Diseased,Monoculture,Qingshu9
474,Guizhou,Loam,Diseased,Monoculture,Qingshu9
475,Guizhou,Loam,Diseased,Monoculture,Qingshu9
476,Guizhou,Loam,Diseased,Monoculture,Qingshu9
477,Guizhou,Loam,Diseased,Monoculture,Qingshu9
478,Guizhou,Loam,Diseased,Monoculture,Qingshu9
479,Guizhou,Loam,Diseased,Monoculture,Qingshu9
480,Guizhou,Loam,Diseased,Monoculture,Weiyu5
481,Guizhou,Loam,Diseased,Monoculture,Weiyu5
482,Guizhou,Loam,Diseased,Monoculture,Weiyu5
483,Guizhou,Loam,Diseased,Monoculture,Weiyu5
484,Guizhou,Loam,Diseased,Monoculture,Weiyu5
485,Guizhou,Loam,Diseased,Intercropping,Weiyu5
486,Guizhou,Loam,Diseased,Intercropping,Weiyu5
487,Guizhou,Loam,Diseased,Intercropping,Weiyu5
488,Guizhou,Loam,Diseased,Intercropping,Weiyu5
489,Guizhou,Loam,Diseased,Intercropping,Weiyu5
490,Yunnan,Loam,Diseased,Monoculture,Qingshu9
491,Yunnan,Loam,Diseased,Monoculture,Qingshu9
492,Yunnan,Loam,Diseased,Monoculture,Qingshu9
493,Yunnan,Loam,Diseased,Monoculture,Qingshu9
494,Yunnan,Loam,Diseased,Monoculture,Qingshu9
495,Yunnan,Loam,Diseased,Monoculture,Unclear
496,Yunnan,Loam,Diseased,Monoculture,Unclear
497,Yunnan,Loam,Diseased,Monoculture,Unclear
498,Yunnan,Loam,Diseased,Monoculture,Unclear
499,Yunnan,Loam,Diseased,Monoculture,Unclear
500,Yunnan,Loam,Diseased,Monoculture,Qingshu9
501,Yunnan,Loam,Diseased,Monoculture,Qingshu9
502,Yunnan,Loam,Diseased,Monoculture,Qingshu9
503,Yunnan,Loam,Diseased,Monoculture,Qingshu9
504,Yunnan,Loam,Diseased,Monoculture,Qingshu9
505,Yunnan,Loam,Diseased,Monoculture,Xuanshu2
506,Yunnan,Loam,Diseased,Monoculture,Xuanshu2
507,Yunnan,Loam,Diseased,Monoculture,Xuanshu2
508,Yunnan,Loam,Diseased,Monoculture,Xuanshu2
509,Yunnan,Loam,Diseased,Monoculture,Xuanshu2
510,Yunnan,Loam,Diseased,Monoculture,Xuanshu5
511,Yunnan,Loam,Diseased,Monoculture,Xuanshu5
512,Yunnan,Loam,Diseased,Monoculture,Xuanshu5
513,Yunnan,Loam,Diseased,Monoculture,Xuanshu5
514,Yunnan,Loam,Diseased,Monoculture,Xuanshu5
515,Yunnan,Loam,Diseased,Monoculture,Xuanshu2
516,Yunnan,Loam,Diseased,Monoculture,Xuanshu2
517,Yunnan,Loam,Diseased,Monoculture,Xuanshu2
518,Yunnan,Loam,Diseased,Monoculture,Xuanshu2
519,Yunnan,Loam,Diseased,Monoculture,Xuanshu2
520,Yunnan,Loam,Diseased,Monoculture,Dianshu6
521,Yunnan,Loam,Diseased,Monoculture,Dianshu6
522,Yunnan,Loam,Diseased,Monoculture,Dianshu6
523,Yunnan,Loam,Diseased,Monoculture,Dianshu6
524,Yunnan,Loam,Diseased,Monoculture,Dianshu6
525,Yunnan,Loam,Diseased,Monoculture,Dianshu6
526,Yunnan,Loam,Diseased,Monoculture,Dianshu6
527,Yunnan,Loam,Diseased,Monoculture,Dianshu6
528,Yunnan,Loam,Diseased,Monoculture,Dianshu6
529,Yunnan,Loam,Diseased,Monoculture,Dianshu6
530,Yunnan,Loam,Diseased,Intercropping,Yunshu505
531,Yunnan,Loam,Diseased,Intercropping,Yunshu505
532,Yunnan,Loam,Diseased,Intercropping,Yunshu505
533,Yunnan,Loam,Diseased,Intercropping,Yunshu505
534,Yunnan,Loam,Diseased,Intercropping,Yunshu505
535,Yunnan,Loam,Diseased,Monoculture,Hui2
536,Yunnan,Loam,Diseased,Monoculture,Hui2
537,Yunnan,Loam,Diseased,Monoculture,Hui2
538,Yunnan,Loam,Diseased,Monoculture,Hui2
539,Yunnan,Loam,Diseased,Monoculture,Hui2
540,Yunnan,Loam,Diseased,Monoculture,Yunshu505
541,Yunnan,Loam,Diseased,Monoculture,Yunshu505
542,Yunnan,Loam,Diseased,Monoculture,Yunshu505
543,Yunnan,Loam,Diseased,Monoculture,Yunshu505
544,Yunnan,Loam,Diseased,Monoculture,Yunshu505
545,Yunnan,Loam,Diseased,Monoculture,Hezuo88
546,Yunnan,Loam,Diseased,Monoculture,Hezuo88
547,Yunnan,Loam,Diseased,Monoculture,Hezuo88
548,Yunnan,Loam,Diseased,Monoculture,Hezuo88
549,Yunnan,Loam,Diseased,Monoculture,Hezuo88
550,Yunnan,Loam,Diseased,Monoculture,Yunshu304
551,Yunnan,Loam,Diseased,Monoculture,Yunshu304
552,Yunnan,Loam,Diseased,Monoculture,Yunshu304
553,Yunnan,Loam,Diseased,Monoculture,Yunshu304
554,Yunnan,Loam,Diseased,Monoculture,Yunshu304
555,Yunnan,Loam,Healthy,Monoculture,Yunshu505
556,Yunnan,Loam,Healthy,Monoculture,Yunshu505
557,Yunnan,Loam,Healthy,Monoculture,Yunshu505
558,Yunnan,Loam,Healthy,Monoculture,Yunshu505
559,Yunnan,Loam,Healthy,Monoculture,Yunshu505
560,Yunnan,Loam,Healthy,Monoculture,Yunshu505
561,Yunnan,Loam,Healthy,Monoculture,Yunshu505
562,Yunnan,Loam,Healthy,Monoculture,Yunshu505
563,Yunnan,Loam,Healthy,Monoculture,Yunshu505
564,Yunnan,Loam,Healthy,Monoculture,Yunshu505
565,Yunnan,Loam,Diseased,Monoculture,Xuanshu2
566,Yunnan,Loam,Diseased,Monoculture,Xuanshu2
567,Yunnan,Loam,Diseased,Monoculture,Xuanshu2
568,Yunnan,Loam,Diseased,Monoculture,Xuanshu2
569,Yunnan,Loam,Diseased,Monoculture,Xuanshu2
570,Yunnan,Loam,Diseased,Monoculture,Hui2
571,Yunnan,Loam,Diseased,Monoculture,Hui2
572,Yunnan,Loam,Diseased,Monoculture,Hui2
573,Yunnan,Loam,Diseased,Monoculture,Hui2
574,Yunnan,Loam,Diseased,Monoculture,Hui2
575,Yunnan,Loam,Diseased,Monoculture,Qingshu9
576,Yunnan,Loam,Diseased,Monoculture,Qingshu9
577,Yunnan,Loam,Diseased,Monoculture,Qingshu9
578,Yunnan,Loam,Diseased,Monoculture,Qingshu9
579,Yunnan,Loam,Diseased,Monoculture,Qingshu9
580,Yunnan,Loam,Diseased,Monoculture,Unclear
581,Yunnan,Loam,Diseased,Monoculture,Unclear
582,Yunnan,Loam,Diseased,Monoculture,Unclear
583,Yunnan,Loam,Diseased,Monoculture,Unclear
584,Yunnan,Loam,Diseased,Monoculture,Unclear
585,Yunnan,Loam,Diseased,Monoculture,Qingshu9
586,Yunnan,Loam,Diseased,Monoculture,Qingshu9
587,Yunnan,Loam,Diseased,Monoculture,Qingshu9
588,Yunnan,Loam,Diseased,Monoculture,Qingshu9
589,Yunnan,Loam,Diseased,Monoculture,Qingshu9
590,Yunnan,Loam,Diseased,Monoculture,Weiyu3
591,Yunnan,Loam,Diseased,Monoculture,Weiyu3
592,Yunnan,Loam,Diseased,Monoculture,Weiyu3
593,Yunnan,Loam,Diseased,Monoculture,Weiyu3
594,Yunnan,Loam,Diseased,Monoculture,Weiyu3
595,Yunnan,Loam,Diseased,Monoculture,Yunshu401
596,Yunnan,Loam,Diseased,Monoculture,Yunshu401
597,Yunnan,Loam,Diseased,Monoculture,Yunshu401
598,Yunnan,Loam,Diseased,Monoculture,Yunshu401
599,Yunnan,Loam,Diseased,Monoculture,Yunshu401
600,Yunnan,Loam,Diseased,Monoculture,Yunshu401
601,Yunnan,Loam,Diseased,Monoculture,Yunshu401
602,Yunnan,Loam,Diseased,Monoculture,Yunshu401
603,Yunnan,Loam,Diseased,Monoculture,Yunshu401
604,Yunnan,Loam,Diseased,Monoculture,Yunshu401
605,Yunnan,Loam,Diseased,Intercropping,Qingshu9
606,Yunnan,Loam,Diseased,Intercropping,Qingshu9
607,Yunnan,Loam,Diseased,Intercropping,Qingshu9
608,Yunnan,Loam,Diseased,Intercropping,Qingshu9
609,Yunnan,Loam,Diseased,Intercropping,Qingshu9
610,Yunnan,Loam,Diseased,Monoculture,Hezuo88
611,Yunnan,Loam,Diseased,Monoculture,Hezuo88
612,Yunnan,Loam,Diseased,Monoculture,Hezuo88
613,Yunnan,Loam,Diseased,Monoculture,Hezuo88
614,Yunnan,Loam,Diseased,Monoculture,Hezuo88
615,Guangdong,Loam,Healthy,Monoculture,Favorita
616,Guangdong,Loam,Healthy,Monoculture,Favorita
617,Guangdong,Loam,Healthy,Monoculture,Favorita
618,Guangdong,Loam,Healthy,Monoculture,Favorita
619,Guangdong,Loam,Healthy,Monoculture,Favorita
620,Guangdong,Loam,Healthy,Monoculture,Favorita
621,Guangdong,Loam,Healthy,Monoculture,Favorita
622,Guangdong,Loam,Healthy,Monoculture,Favorita
623,Guangdong,Loam,Healthy,Monoculture,Favorita
624,Guangdong,Loam,Healthy,Monoculture,Favorita
625,Guangdong,SandyLoam,Healthy,Monoculture,Netherlands15
626,Guangdong,SandyLoam,Healthy,Monoculture,Netherlands15
627,Guangdong,SandyLoam,Healthy,Monoculture,Netherlands15
628,Guangdong,SandyLoam,Healthy,Monoculture,Netherlands15
629,Guangdong,SandyLoam,Healthy,Monoculture,Netherlands15
630,Guangxi,Loam,Healthy,Monoculture,Favorita
631,Guangxi,Loam,Healthy,Monoculture,Favorita
632,Guangxi,Loam,Healthy,Monoculture,Favorita
633,Guangxi,Loam,Healthy,Monoculture,Favorita
634,Guangxi,Loam,Healthy,Monoculture,Favorita
635,Guangxi,Loam,Healthy,Monoculture,Favorita
636,Guangxi,Loam,Healthy,Monoculture,Favorita
637,Guangxi,Loam,Healthy,Monoculture,Favorita
638,Guangxi,Loam,Healthy,Monoculture,Favorita
639,Guangxi,Loam,Healthy,Monoculture,Favorita
640,Guangxi,Loam,Healthy,Monoculture,Netherlands15
641,Guangxi,Loam,Healthy,Monoculture,Netherlands15
642,Guangxi,Loam,Healthy,Monoculture,Netherlands15
643,Guangxi,Loam,Healthy,Monoculture,Netherlands15
644,Guangxi,Loam,Healthy,Monoculture,Netherlands15
645,Guangxi,Loam,Healthy,Monoculture,Netherlands15
646,Guangxi,Loam,Healthy,Monoculture,Netherlands15
647,Guangxi,Loam,Healthy,Monoculture,Netherlands15
648,Guangxi,Loam,Healthy,Monoculture,Netherlands15
649,Guangxi,Loam,Healthy,Monoculture,Netherlands15
650,Guangxi,Loam,Healthy,Monoculture,Favorita
651,Guangxi,Loam,Healthy,Monoculture,Favorita
652,Guangxi,Loam,Healthy,Monoculture,Favorita
653,Guangxi,Loam,Healthy,Monoculture,Favorita
654,Guangxi,Loam,Healthy,Monoculture,Favorita
655,Sichuan,Clay,Diseased,Intercropping,Qingshu9
656,Sichuan,Clay,Diseased,Intercropping,Qingshu9
657,Sichuan,Clay,Diseased,Intercropping,Qingshu9
658,Sichuan,Clay,Diseased,Intercropping,Qingshu9
659,Sichuan,Clay,Diseased,Intercropping,Qingshu9
660,Sichuan,Loam,Healthy,Intercropping,Qingshu9
661,Sichuan,Loam,Healthy,Intercropping,Qingshu9
662,Sichuan,Loam,Healthy,Intercropping,Qingshu9
663,Sichuan,Loam,Healthy,Intercropping,Qingshu9
664,Sichuan,Loam,Healthy,Intercropping,Qingshu9
665,Sichuan,Loam,Healthy,Monoculture,Qingshu9
666,Sichuan,Loam,Healthy,Monoculture,Qingshu9
667,Sichuan,Loam,Healthy,Monoculture,Qingshu9
668,Sichuan,Loam,Healthy,Monoculture,Qingshu9
669,Sichuan,Loam,Healthy,Monoculture,Qingshu9
670,Sichuan,Loam,Diseased,Monoculture,Qingshu9
671,Sichuan,Loam,Diseased,Monoculture,Qingshu9
672,Sichuan,Loam,Diseased,Monoculture,Qingshu9
673,Sichuan,Loam,Diseased,Monoculture,Qingshu9
674,Sichuan,Loam,Diseased,Monoculture,Qingshu9
675,Sichuan,Loam,Diseased,Monoculture,Qingshu9
676,Sichuan,Loam,Diseased,Monoculture,Qingshu9
677,Sichuan,Loam,Diseased,Monoculture,Qingshu9
678,Sichuan,Loam,Diseased,Monoculture,Qingshu9
679,Sichuan,Loam,Diseased,Monoculture,Qingshu9
680,Sichuan,Loam,Diseased,Monoculture,Mila
681,Sichuan,Loam,Diseased,Monoculture,Mila
682,Sichuan,Loam,Diseased,Monoculture,Mila
683,Sichuan,Loam,Diseased,Monoculture,Mila
684,Sichuan,Loam,Diseased,Monoculture,Mila
685,Sichuan,Loam,Diseased,Monoculture,Qingshu9
686,Sichuan,Loam,Diseased,Monoculture,Qingshu9
687,Sichuan,Loam,Diseased,Monoculture,Qingshu9
688,Sichuan,Loam,Diseased,Monoculture,Qingshu9
689,Sichuan,Loam,Diseased,Monoculture,Qingshu9
690,Sichuan,Loam,Diseased,Monoculture,Qingshu9
691,Sichuan,Loam,Diseased,Monoculture,Qingshu9
692,Sichuan,Loam,Diseased,Monoculture,Qingshu9
693,Sichuan,Loam,Diseased,Monoculture,Qingshu9
694,Sichuan,Loam,Diseased,Monoculture,Qingshu9
695,Chongqing,Loam,Healthy,Monoculture,Eshu10
696,Chongqing,Loam,Healthy,Monoculture,Eshu10
697,Chongqing,Loam,Healthy,Monoculture,Eshu10
698,Chongqing,Loam,Healthy,Monoculture,Eshu10
699,Chongqing,Loam,Healthy,Monoculture,Eshu10
700,Chongqing,Loam,Healthy,Intercropping,Qingshu9
701,Chongqing,Loam,Healthy,Intercropping,Qingshu9
702,Chongqing,Loam,Healthy,Intercropping,Qingshu9
703,Chongqing,Loam,Healthy,Intercropping,Qingshu9
704,Chongqing,Loam,Healthy,Intercropping,Qingshu9
705,Chongqing,Loam,Diseased,Intercropping,Mila
706,Chongqing,Loam,Diseased,Intercropping,Mila
707,Chongqing,Loam,Diseased,Intercropping,Mila
708,Chongqing,Loam,Diseased,Intercropping,Mila
709,Chongqing,Loam,Diseased,Intercropping,Mila
710,Chongqing,Loam,Healthy,Monoculture,Mila
711,Chongqing,Loam,Healthy,Monoculture,Mila
712,Chongqing,Loam,Healthy,Monoculture,Mila
713,Chongqing,Loam,Healthy,Monoculture,Mila
714,Chongqing,Loam,Healthy,Monoculture,Mila
715,Chongqing,Loam,Healthy,Intercropping,Qingshu9
716,Chongqing,Loam,Healthy,Intercropping,Qingshu9
717,Chongqing,Loam,Healthy,Intercropping,Qingshu9
718,Chongqing,Loam,Healthy,Intercropping,Qingshu9
719,Chongqing,Loam,Healthy,Intercropping,Qingshu9
720,Chongqing,Loam,Diseased,Intercropping,Unclear
721,Chongqing,Loam,Diseased,Intercropping,Unclear
722,Chongqing,Loam,Diseased,Intercropping,Unclear
723,Chongqing,Loam,Diseased,Intercropping,Unclear
724,Chongqing,Loam,Diseased,Intercropping,Unclear
